Squadra;Categoria;"#0 (selfie)";"#31 (text)";"#32 (text)";"#33 (text)";"#34 (text)";"#35 (text)";"#36 (text)";"#37 (text)";"#38 (text)";"#39 (text)";"#40 (text)";"#41 (text)";"#42 (text)";"#43 (text)";"#44 (text)";"#45 (text)";"#46 (text)";"#47 (selfie)";"#48 (text)";"#49 (text)";"#50 (text)";"#51 (text)";"#52 (text)";"#53 (text)";"#54 (text)";"#55 (text)";"#56 (text)";"#57 (text)";"#58 (text)";"#59 (text)";"#60 (text)";"#61 (text)";"#62 (text)";"#63 (text)";"#64 (text)";"#65 (text)";"#66 (text)";"#67 (text)";"#68 (text)";"#69 (text)";"#70 (text)";"#71 (text)";"#72 (text)";"#100 (text)";"ULTIMO ORARIO ESATTO";"TOTALE"
"RISPOSTE ESATTE";"-";"(Foto)";"Leicester";"4";"Giorgio";"2";"Metallo";"41";"4";"3";"Giglio";"27";"Rossi";"3";"4";"Archimede";"Piccinino";"Popolare";"(Foto)";"3";"4";"16";"6";"3";"3";"Interruttori";"4";"19";"8";"7";"5";"Cromato";"2";"3";"1";"3";"1955";"TIR";"Mangia";"7";"Bottarelli";"28";"9";"Cinzia";"10";"-";"-"
"deMOO";"Competitiva";"ANNULLATO";"Leicester";"4";"Giorgio";"2";"Metallo";"41";"4";"3";"Giglio";"28";"Rossi";"3";"4";"Archimede";"Piccinino";"Popolare";"(SELFIE)";"2";"4";"16";"6";"3";"3";"Interruttori";"4";"19";"8";"7";"5";"Rame";"2";"3";"1";"3";"1955";"Tir";"Mangia";"7";"Bottarelli";"28";"9";"Cinzia";"10";"11:58:09";"40"
"I ludici, per sentito dire";"Competitiva";"(SELFIE)";"Leicester";"4";"Giorgio";"2";"Metallo";"41";"4";"3";"Giglio";"28";"Rossi";"3";"4";"Archimede";"Piccinino";"Popolare";"(SELFIE)";"3";"2";"15";"6";"2";"3";"Interruttori";"4";"19";"8";"7";"5";"Rame";"2";"3";"1";"3";"1955";"TIR";"Mangia";"7";"Bottarelli";"28";"9";"Cinzia";"10";"12:19:18";"39"
"I Moschettieri";"Competitiva";"ANNULLATO";"Leicester";"4";"Giorgio";"2";"metallo";"123";"4";"3";"Giglio";"27";"Rossi";"3";"2";"Archimede";"Piccinino";"Popolare";"(SELFIE)";"3";"2";"16";"6";"3";"3";"Interruttori";"4";"19";"8";"7";"5";"Cromato";"2";"3";"1";"3";"1955";"TIR";"Mangia";"7";"Bottarelli";"28";"6";"Cinzia";"10";"12:10:43";"38"
"404 NOT FOUND";"Competitiva";"ANNULLATO";"Leicester";"4";"Giorgio";"2";"Metallo";"98";"2";"3";"Giglio";"28";"Rossi";"2";"4";"Archimede";"Piccinino";"Popolare";"(SELFIE)";"3";"14";"16";"6";"3";"3";"Interruttori";"4";"19";"8";"7";"5";"Intonacato";"2";"3";"1";"3";"1955";"Tir";"Mangia";"7";"Bottarelli";"28";"9";"Cinzia";"10";"12:17:37";"37"
"I Visioli";"Competitiva";"ANNULLATO";"Leicester";"4";"Giorgio";"2";"Metallo";"41";"2";"3";"Giglio";"28";"Rossi";"3";"2";"Archimede";"Piccinino";"Popolare";"(SELFIE)";"3";"4";"16";"6";"3";"3";"Edifici";"4";"19";"8";"7";"6";"Legno";"2";"3";"1";"3";"1955";"TIR";"Mangia";"7";"Bottarelli";"28";"9";"Cinzia";"10";"12:23:48";"37"
"SAN ROCCO";"Competitiva";"-";"LEICESTER";"4";"Giorgio";"2";"Metallo";"8";"4";"3";"Giglio";"27";"Rossi";"3";"2";"Archimede";"Piccinino";"Popolare ";"(SELFIE)";"2";"4";"16";"6";"3";"3";"Allacci";"2";"19";"8";"7";"5";"-";"2";"3";"1";"3";"1955";"Tir";"Mangia";"7";"Bottarelli";"28";"9";"Cinzia";"10";"12:32:40";"37"
"Dimmelo e Dammelo";"Competitiva";"ANNULLATO";"-";"4";"Giorgio";"2";"Metallo";"41";"2";"3";"Giglio";"28";"Rossi";"3";"2";"Archimede";"Piccinino";"Popolare";"(SELFIE)";"3";"4";"16";"6";"3";"3";"Interruttori";"4";"19";"8";"7";"5";"Cromato";"2";"3";"1";"3";"1955";"TIR";"Mangia";"7";"Bottarelli";"28";"9";"Cinzia";"-";"12:39:12";"37"
"REMO MOO";"Competitiva";"(SELFIE)";"Leicester";"4";"Giorgio";"2";"Metallo";"41";"2";"2";"Giglio";"28";"Rossi";"2";"3";"Archimede";"Piccinino";"Popolare";"(SELFIE)";"2";"0";"16";"6";"3";"3";"Interruttori";"4";"19";"8";"7";"5";"Cromato";"2";"3";"1";"3";"1955";"Tir";"Mangia";"7";"Bottarelli";"17";"9";"Cinzia";"10";"11:55:04";"35"
"Orientista della domenica sul tardi";"Competitiva";"ANNULLATO";"Leicester";"4";"Giorgio";"2";"Metallo";"41";"2";"3";"Giglio";"29";"Rossi";"3";"8";"Archimede";"Piccinino";"Popolare";"(SELFIE)";"3";"2";"16";"6";"3";"3";"allacci";"2";"19";"8";"6";"5";"Arrugginito ";"2";"3";"1";"3";"1955";"TIR";"Mangia";"7";"Bottarelli";"28";"9";"Cinzia";"10";"12:33:35";"35"
"Jackele";"Competitiva";"ANNULLATO";"Leicester";"4";"giorgio";"2";"metallo";"41";"4";"1";"Giglio";"11";"rossi";"3";"2";"archimede";"piccinino";"popolare";"(SELFIE)";"2";"4";"9";"6";"3";"1";"interruttori";"2";"19";"8";"7";"5";"intonacato";"2";"3";"1";"3";"1995";"TIR";"mangia";"7";"bottarelli";"28";"9";"Cinzia ";"10";"12:06:37";"34"
