Squadra;Categoria;"#31 (text)";"#32 (text)";"#33 (text)";"#34 (text)";"#35 (text)";"#36 (text)";"#37 (text)";"#38 (text)";"#39 (text)";"#40 (text)";"#41 (text)";"#42 (text)";"#43 (text)";"#44 (text)";"#45 (text)";"#46 (text)";"#47 (text)";"#48 (text)";"#49 (text)";"#50 (text)";"#51 (text)";"#52 (text)";"#53 (text)";"#54 (text)";"#55 (text)";"#56 (text)";"#57 (text)";"#58 (text)";"#59 (text)";"#60 (text)";"#61 (text)";"#62 (text)";"#63 (text)";"#64 (text)";"#65 (text)";"#66 (text)";"#67 (text)";"#68 (text)";"#69 (text)";"#70 (text)";"#71 (text)";"#72 (text)";"#73 (text)";"#74 (text)";"#75 (text)";"#76 (text)";"#77 (text)";"#78 (text)";"#79 (text)";"#80 (text)";"#81 (text)";"#82 (text)";"#83 (text)";"#84 (text)";"#85 (text)";"ULTIMO ORARIO ESATTO";"TOTALE"
"RISPOSTE ESATTE";"-";"MILLE";"6";"3";"18";"2";"EPARCHIA";"PIACENZA E VIGEVANO";"OSSA";"2";"818";"2";"2";"3";"GRANDE";"GIGLIO";"PACIFICO";"1";"4";"4";"MAMMA";"2";"1954";"3";"CANONICO";"INDOMITA";"VALENTINO";"2";"3";"10";"10";"MCML";"SINISTRA";"2";"3";"31";"REGVL";"5";"VERDE";"SOLVE";"ADA";"FRONS";"DOM";"POVERI";"PACIS";"LIVELLAZIONE";"NERO";"2";"2";"1";"5";"1998";"DOMVS";"WALLY";"UNICA";"4";"-";"-"
"Luca l'esploratore";"Ludica";"Mille";"6";"3";"58";"2";"Eparchia";"Piacenza e Vigevano";"Ossa";"2";"818";"2";"-";"-";"Grande";"Giglio";"-";"-";"-";"-";"-";"-";"-";"-";"Canonico";"Indomita";"-";"-";"3";"-";"10";"-";"Sinistra";"2";"3";"31";"Regvl";"-";"Verde";"Solve";"-";"Renovata";"Dom";"Poveri";"Pacis";"-";"-";"2";"2";"1";"3";"1998";"-";"Wally";"Unica";"4";"17:35:43";"33"
"Cuginanza";"Ludica";"Mille";"6";"-";"-";"-";"Eparchia";"Piacenza e vigevano";"Le ossa";"-";"818";"2";"2";"3";"Grande";"Giglio";"Pacifico";"1";"-";"-";"-";"-";"1954";"3";"Canonico";"Indomita";"-";"2";"3";"-";"10";"-";"-";"2";"3";"-";"Regvl";"-";"-";"Solve";"-";"Frons";"DOM";"Poveri";"Pacis";"-";"Grigio";"-";"-";"1";"3";"1998";"-";"Wally";"-";"-";"17:58:51";"30"
"CHI CERCA TROVA";"Ludica";"MILLE";"6";"-";"-";"-";"-";"-";"-";"-";"-";"-";"2";"-";"GRANDE";"GIGLIO";"Pacifico ";"1";"4";"4";"Mamma ";"2";"1954";"3";"Canonico";"Indomita";"VALENTINO";"2";"3";"9";"10";"MCML";"SINISTRA";"2";"3";"-";"REGVL";"5";"VERDE";"SOLVE";"Ada";"FRONS";"DOM";"Poveri";"Pacis";"Livellazione ";"NERO";"-";"2";"-";"5";"-";"-";"-";"-";"-";"18:07:45";"36"
"I nani";"Ludica";"-";"-";"-";"-";"-";"-";"-";"-";"-";"-";"-";"-";"-";"-";"-";"-";"-";"-";"-";"-";"-";"-";"-";"-";"-";"-";"-";"-";"-";"-";"-";"-";"-";"-";"-";"-";"-";"-";"-";"-";"-";"-";"-";"-";"-";"-";"-";"-";"-";"-";"-";"-";"-";"-";"-";"-";"0"
"Mappa Zero";"Ludica";"Mille";"6";"3";"18";"2";"EPARCHIA";"Piacenza e Vigevano";"Ossa";"2";"818";"2";"2";"3";"Grande";"Giglio";"Pacifico";"1";"4";"4";"Nonna";"2";"1954";"3";"Canonico";"Indomita";"Valentino";"2";"3";"10";"10";"McMl";"SINISTRA";"2";"3";"31";"REGVL";"5";"Verde";"Solve";"Ada";"Frons ";"Dom";"Poveri";"Pacis ";"Vertice";"Nero";"2";"2";"1";"5";"1998";"Secretum ";"wally ";"Unica";"4";"18:03:49";"52"
"IRGA";"Ludica";"-";"6";"-";"-";"-";"-";"PIACENZA E VIGEVANO";"OSSA";"2";"818";"3";"2";"-";"GRANDE";"GIGLIO";"-";"-";"-";"-";"-";"-";"-";"-";"-";"INDOMITA";"-";"-";"3";"-";"10";"-";"-";"2";"3";"-";"-";"-";"-";"SOLVE";"-";"FRONS";"DOM";"-";"-";"-";"NERO";"2";"-";"1";"5";"1998";"-";"ISEO";"-";"-";"17:57:02";"21"
"Mipa";"Ludica";"Mille";"6";"-";"-";"-";"-";"-";"-";"-";"818";"2";"-";"-";"Grande";"-";"-";"-";"-";"-";"-";"-";"-";"-";"-";"-";"-";"-";"-";"-";"-";"-";"-";"2";"3";"-";"-";"-";"-";"-";"-";"Arons";"Dom";"-";"-";"-";"-";"-";"-";"-";"-";"-";"-";"-";"-";"-";"18:06:36";"8"
"I Fiutatori";"Ludica";"-";"-";"-";"-";"-";"-";"-";"-";"-";"-";"-";"-";"-";"-";"-";"-";"-";"-";"-";"-";"-";"-";"-";"-";"-";"-";"-";"-";"-";"-";"-";"-";"-";"-";"-";"-";"-";"-";"-";"-";"-";"-";"-";"-";"-";"-";"-";"-";"-";"-";"-";"-";"-";"-";"-";"-";"0"
"Giovaniwannabe";"Ludica";"-";"-";"-";"-";"-";"-";"-";"-";"-";"-";"-";"-";"-";"-";"-";"-";"-";"-";"-";"-";"-";"-";"-";"-";"-";"-";"-";"-";"-";"-";"-";"-";"-";"-";"-";"-";"-";"-";"-";"-";"-";"-";"-";"-";"-";"-";"-";"-";"-";"-";"-";"-";"-";"-";"-";"-";"0"
"Chianu Chianu";"Ludica";"MIELE";"6";"3";"30";"-";"-";"Piacenza Vigevano";"Le spoglie";"2";"818";"3";"1";"-";"Grande ";"Colomba";"Mario";"-";"-";"-";"-";"-";"-";"-";"-";"Indomita";"-";"-";"3";"-";"5";"Mcml";"Sinistra";"2";"3";"-";"-";"-";"Marrone";"Solve";"-";"Hrons";"DOM";"-";"-";"-";"Nero";"4";"2";"1";"-";"-";"-";"Wally";"-";"2";"17:33:12";"17"
"I Pellegrini";"Ludica";"Miele";"6";"3";"8";"2";"Eparchia";"Piacenza e Vigevano";"Le ossa";"2";"818";"2";"2";"3";"Grande";"Giglio";"Pacifico";"1";"2";"4";"Mamma";"2";"1956";"3";"Canonico";"Indomita";"Valentino";"2";"3";"7";"10";"MCML";"Sinistra";"2";"-";"31";"REGVL";"-";"Verde";"-";"Ada";"Frons";"DOM";"Poveri";"Pacis";"Strumenti";"Bianco";"2";"2";"1";"1";"1998";"-";"-";"Unica";"4";"18:04:45";"41"
"Isa & Emi";"Ludica";"-";"6";"-";"-";"-";"-";"Piacenza e vigevano";"Ossa";"2";"818";"3";"3";"3";"Grande";"-";"Pacifico";"1";"4";"4";"-";"2";"1954";"3";"Canonico";"Indomita";"-";"2";"-";"-";"10";"-";"-";"2";"3";"-";"REGVL";"5";"-";"Solve";"ADA";"FRONS";"DOM";"Poveri";"Pacis";"Livellazione";"-";"-";"-";"1";"5";"-";"Domus";"Wally";"-";"-";"18:03:13";"32"
"Samu, Sami and Gio";"Ludica";"-";"6";"-";"-";"-";"-";"-";"-";"-";"818";"-";"-";"-";"GRANDE";"Giglio";"Pacifico";"1";"4";"4";"Vergine Maria";"2";"1954";"3";"Il beato Gregorio X, al secolo Tebaldo Visconti, nasce a Piacenza nel 1210. E' stato il 184° vescovo di Roma e papa italiano dal 1 settembre 1271 al 10 gennaio 1276. Ha compiuto studi ecclesiastici come chierico e diacono. Fu canonico della Basilica di sant'Antonino. Il suo nome è presente anche in antiche matricole del collegio dei dottori e giudici di Piacenza. Uomo dalle singolari doti umane e cristiane, si è distinto per la sua limpidezza spirituale, rettitudine morale e esperienza diplomatica maturata a fianco del cardinale Giacomo da Pecorara. Il suo primo atto da pontefice fu quello di riunire nel 1274 il secondo concilio ecumenico di Lione allo scopo di discutere dello scisma d'oriente, delle condizioni della Terra Santa e della riforma della Chiesa cattolica. In secoli di lotte sanguinose, papa Gregorio X operò sempre con grande acume e garbo per la riconciliazione e la pace. Morì ad Arezzo il 10 gennaio 1276. È stato beatificato da papa Clemente XI nel 1713 e riposa nella Cattedrale di Arezzo.";"-";"-";"2";"3";"7";"-";"-";"Sinistra";"2";"3";"-";"Regvl ";"5";"Verde";"Solve";"-";"Frons ";"DOM";"POVERI";"S.maria racis";"-";"Nero";"-";"2";"-";"5";"-";"-";"-";"-";"-";"17:39:42";"26"
"I Resylienti";"Ludica";"MILLE";"6";"3";"18";"2";"Macedone";"Piacenza e vigevano ";"Ossa";"2";"818";"3";"2";"3";"GRANDE";"Giglio con corona";"PACIFICO";"1";"4";"4";"MAMMA";"2";"1954";"3";"CANONICO";"INDOMITA";"VALENTINO";"2";"3";"10";"10";"MCML";"Sinistra";"2";"3";"31";"REGVL";"5";"AZZURRO";"SOLVE";"Ada";"FRONS";"DOM";"POVERI";"PACIS";"LIVELLAZIONE";"NERO";"2";"2";"1";"5";"1998";"DOMVS";"-";"UNICA";"4";"18:06:05";"50"
"Aldeide";"Ludica";"Mille";"6";"3";"18";"2";"Eparchia";"Piacenza e Vigevano";"Ossa";"2";"818";"2";"2";"3";"Grande";"Giglio";"Pacifico";"1";"4";"4";"Mamma";"2";"1954";"3";"Canonico";"Indomita ";"Valentino";"2";"3";"7";"10";"Mcml";"Sinistra";"2";"3";"31";"Regvl";"5";"Verde";"Solve";"Ada";"Frons";"Dom";"Poveri";"Pacis";"Livellazione ";"Nero";"2";"2";"1";"5";"1998";"Domvs";"Wally";"Unica";"4";"18:03:51";"54"
"Regine del Kanzlato";"Ludica";"Mille";"-";"3";"18";"2";"Eparchia";"Piacenza e Vigevano";"Le ossa";"2";"-";"-";"2";"-";"Grande";"Corona/giglio/stelle";"-";"-";"4";"4";"Mamma";"2";"1954";"3";"Canonico";"Indomita";"Valentino";"2";"-";"4";"10";"MCML";"Sinistra";"2";"-";"10";"Regvl";"5";"Verde";"Solve";"-";"-";"DOM";"Poveri";"Pace";"-";"-";"2";"2";"1";"5";"-";"-";"Wally";"Unica";"4";"18:06:25";"36"
"Scuri";"Ludica";"-";"-";"-";"-";"-";"-";"-";"-";"-";"-";"-";"-";"-";"-";"-";"-";"-";"-";"-";"-";"-";"-";"-";"-";"-";"-";"-";"-";"-";"-";"-";"-";"-";"-";"-";"-";"-";"-";"-";"-";"-";"-";"-";"-";"-";"-";"-";"-";"-";"-";"-";"-";"-";"-";"-";"-";"0"
"STEM";"Ludica";"Mille";"6";"3";"18";"2";"-";"Piacenza e Vigevano";"Ossa";"2";"818";"3";"-";"-";"-";"-";"-";"-";"-";"-";"-";"-";"-";"3";"Canonico";"Indomita";"Valentino";"-";"-";"5";"10";"MCML";"Sinistra";"-";"3";"31";"Regul";"-";"Verde";"-";"-";"Frons";"Dom";"Poveri";"Pacis";"-";"-";"2";"2";"1";"-";"-";"-";"Wally";"Unica";"4";"17:56:40";"29"
"Bimbe matte";"Ludica";"Mille";"-";"3";"18";"2";"Eparchia";"Piacenza e Vigevano";"Ossa";"2";"-";"-";"-";"-";"-";"-";"-";"-";"-";"-";"-";"-";"-";"-";"Canonico";"Indomita";"-";"-";"-";"7";"-";"-";"Sinistra";"-";"-";"31";"-";"-";"-";"-";"-";"Frons";"Dom";"Poveri";"-";"-";"-";"2";"2";"1";"-";"-";"-";"Iseo";"Unica";"-";"18:02:09";"19"
"Georunners";"Ludica";"-";"-";"-";"-";"-";"-";"-";"-";"-";"-";"-";"-";"-";"-";"-";"-";"-";"-";"-";"-";"-";"-";"-";"-";"-";"-";"-";"-";"-";"-";"-";"-";"-";"-";"-";"-";"-";"-";"-";"-";"-";"-";"-";"-";"-";"-";"-";"-";"-";"-";"-";"-";"-";"-";"-";"-";"0"
"A.C. PICCHIA";"Ludica";"mille";"6";"-";"-";"-";"-";"piacenza e vigevano";"le ossa";"-";"818";"3";"2";"3";"grande";"giglio";"pacifico";"1";"4";"-";"-";"-";"1954";"3";"Canonico";"indomita";"-";"2";"3";"-";"10";"-";"-";"2";"3";"-";"REGVL";"-";"-";"solve";"ada";"frons";"Dom";"-";"pacis";"-";"nero";"-";"-";"1";"5";"1998";"-";"wally";"-";"-";"17:17:04";"31"
"I mostraccioni";"Ludica";"-";"-";"-";"-";"-";"-";"-";"-";"-";"-";"-";"-";"-";"-";"-";"-";"-";"-";"-";"-";"-";"-";"-";"-";"-";"-";"-";"-";"-";"-";"-";"-";"-";"-";"-";"-";"-";"-";"-";"-";"-";"-";"-";"-";"-";"-";"-";"-";"-";"-";"-";"-";"-";"-";"-";"-";"0"
"GallineInFuga";"Ludica";"Mille";"sei";"Per tre secoli";"18";"Due";"Eparchia";"Piacenza e Vigevano";"Le ossa";"Due";"818";"2";"-";"-";"grande";"Giglio";"-";"-";"-";"-";"-";"-";"1961 - 1963";"Tre";"Canonico";"indomita";"-";"-";"-";"-";"Dieci";"-";"-";"Due";"Tre";"31";"REGVL";"-";"-";"-";"-";"Renov";"DOM";"de poveri";"Pacis";"-";"-";"Una";"-";"1";"-";"-";"-";"wally";"unica";"Quattro ";"18:05:33";"17"
"Livello 3";"Ludica";"MILLE";"6";"3";"18";"2";"EPARCHIA";"PIACENZA E VIGEVANO";"Ossa";"2";"818";"2";"2";"3";"GRANDE";"GIGLIO";"PACIFICO";"1";"4";"4";"MAMMA";"2";"1954";"3";"CANONICO";"INDOMITA";"VALENTINO";"2";"3";"10";"1";"MCML";"SINISTRA";"2";"3";"31";"REGVL";"5";"VERDE";"SOLVE";"ADA";"FRONS";"DOM";"POVERI";"PACIS";"LIVELLAZIONE";"NERO";"2";"2";"1";"5";"1998";"DOMVS";"WALLY";"UNICA";"4";"17:48:43";"54"
"Ohana";"Ludica";"-";"6";"-";"18";"-";"Eparchia";"Di Piacenza e vigevano ";"Ossa";"-";"818";"2";"-";"-";"-";"-";"Pacifico";"-";"4";"4";"Mamma";"2";"1954";"3";"Canonico";"Indomita";"Valentino ";"2";"-";"5";"11";"Mcml";"Sinistra";"-";"3";"31";"Regvl";"5";"Verde";"-";"Ada";"Remov";"-";"Poveri";"Pacis";"-";"-";"3";"2";"1";"-";"-";"-";"Wally";"Unica";"4";"18:10:14";"32"
"Ferro";"Ludica";"Mille";"6";"-";"18";"-";"-";"-";"Le ossa";"2";"818";"3";"-";"-";"Ortodossa";"Madonna";"-";"-";"-";"-";"-";"-";"-";"-";"-";"Indomita";"Valentino";"-";"2";"-";"10";"-";"-";"2";"5";"31";"-";"-";"-";"Solve";"-";"-";"Dom";"-";"-";"-";"Marmo nero";"4";"-";"1";"5";"63 del 1998";"-";"-";"Unica";"4";"17:42:42";"16"
"I turtei cum la cùa";"Ludica";"MILLE";"6";"3";"18";"2";"Eparchia";"Piacenza e vigevano";"Ossa";"2";"818";"2";"2";"3";"Grande";"Giglio";"Pacifico";"1";"4";"4";"MAMMA";"2";"1954";"3";"Canonico";"Indomita";"Valentino ";"2";"3";"10";"10";"MCML";"Sinistra";"1";"3";"31";"REGVL";"5";"Green";"SOLVE";"Ada";"FRONS";"DOM";"Poveri";"PACIS";"Livellazione";"NERO";"2";"2";"1";"5";"1998";"DOMVUS";"Wally";"Unica";"4";"17:47:13";"52"
"I Fiutatori";"Ludica";"-";"-";"-";"-";"-";"-";"-";"-";"-";"-";"-";"-";"-";"-";"-";"-";"-";"-";"-";"-";"-";"-";"-";"-";"-";"-";"-";"-";"-";"-";"-";"-";"-";"-";"-";"-";"-";"-";"-";"-";"-";"-";"-";"-";"-";"-";"-";"-";"1";"-";"-";"-";"-";"-";"-";"15:23:42";"1"
"Piacentini";"Ludica";"-";"6";"-";"-";"-";"-";"Piacenza e Vigevano ";"ossa ";"2";"818";"2";"3";"3";"grande";"-";"Pacifico ";"1";"4";"4";"-";"2";"1954";"3";"canonico ";"indomita";"-";"2";"-";"-";"10";"-";"-";"2";"3";"-";"regvl";"5";"-";"solve";"Ada";"frons";"dom";"poveri";"pacis";"-";"-";"-";"-";"1";"5";"-";"Domus ";"wally";"-";"-";"18:03:36";"32"
"Saftastiche";"Ludica";"Mille";"6";"Tre secoli";"18";"2";"Eparchia";"Piacenza e Vigevano";"Ossa";"2";"818";"2";"2";"3";"Grande";"Corona";"Pacifico";"1";"4";"4";"Mamma";"2";"1954";"3";"Canonico";"Indomita";"Valentino";"2";"3";"8";"10";"Mcml";"Sinistra";"2";"3";"30";"Regvl";"5";"Verde";"Solve";"Ada";"Frons";"Dom";"Poveri";"Pacis";"Livellazione";"Nero";"2";"2";"1";"5";"1998";"Domvs";"Wally";"Unica";"4";"17:41:34";"51"
"Bubez verdi";"Ludica";"-";"-";"-";"18";"-";"Eparchia";"Piacenza e Vigevano";"Ossa";"2";"818";"2";"2";"1";"Il grande";"Giglio";"Pacifico";"1";"4";"4";"Mamma";"2";"1954";"3";"Canonico";"-";"Valentino";"2";"-";"7";"-";"MCML";"Sinistra";"2";"3";"31";"Regvl";"5";"Verde";"Solve";"Ada";"-";"DOM";"Poveri";"Pacis";"Livellazione";"-";"2";"2";"1";"5";"-";"Domvs";"Wally";"Unica";"4";"17:58:50";"42"
"I promessi sposi";"Ludica";"-";"-";"-";"-";"-";"-";"-";"-";"-";"-";"-";"-";"-";"-";"-";"-";"-";"-";"-";"-";"-";"-";"-";"-";"-";"-";"-";"-";"-";"-";"-";"-";"-";"-";"-";"-";"-";"-";"-";"-";"-";"-";"-";"-";"-";"-";"-";"-";"-";"-";"-";"-";"-";"-";"-";"-";"0"
"Cavallo";"Ludica";"Mille";"6";"3";"18";"2";"Eparchia";"Piacenza e Vigevano";"Le ossa";"2";"818";"3";"-";"-";"Grande";"Giglio";"Pacifico";"1";"-";"-";"-";"2";"1957";"3";"Canonico";"Indomita";"-";"-";"3";"7";"10";"-";"-";"2";"3";"31";"Regvl";"5";"Verde";"Solve";"-";"Frons";"Dom";"Poveri";"Della pace";"-";"Nero";"2";"2";"1";"5";"1998";"-";"Wally";"Unica";"4";"18:06:25";"38"
"I Dani";"Ludica";"Mille";"6";"-";"-";"-";"-";"-";"-";"-";"-";"-";"2";"3";"GRANDE";"GIGLIO/CORONA";"Pacifico";"1";"4";"4";"Mamma";"2";"1954";"3";"CANONICO";"-";"-";"2";"3";"-";"-";"-";"-";"2";"3";"-";"Regvl ";"5";"-";"Solve";"ADA";"frons ";"Dom";"Poveri";"PACIS";"LIVELLAZIONE";"Nero";"-";"-";"-";"5";"1998";"DomVus";"-";"-";"-";"17:23:07";"30"
"Ponte girls 1";"Ludica";"Mille";"6";"-";"48";"-";"-";"Piacenza e vigevano";"Ossa";"2";"818";"2";"2";"3";"Grande ";"Giglio";"Pacifico";"1";"4";"4";"Mamma";"2";"1954";"3";"Canonico";"Indomita";"Valentino ";"2";"3";"-";"10";"-";"-";"2";"3";"-";"Regvl";"5";"Verde";"Solve";"Ada";"Frons";"Dom";"Poveri";"Pacis";"-";"Nero";"2";"2";"1";"5";"1998";"-";"Wally";"-";"4";"17:52:32";"44"
"Sorelle du Nuto";"Ludica";"Fuert";"6";"-";"-";"-";"-";"Piacenza e Vigevano";"-";"3";"818";"-";"3";"3";"Il Grande";"Giglio";"Pacifico";"1";"4";"-";"-";"-";"1954";"3";"Canonico";"Indomita";"-";"-";"3";"-";"-";"-";"-";"2";"3";"-";"Regvl";"-";"-";"Solve";"Ada";"Frons";"Dom";"Poveri";"Della Pace";"-";"Antracite";"-";"-";"-";"5";"-";"-";"-";"-";"-";"17:27:53";"22"
"I mostraccioni";"Ludica";"Mille";"6";"3";"18";"2";"Eparkia";"Piacenza e Vigevano";"Ossa";"2";"818";"3";"2";"-";"Grande";"Giglio con corona";"-";"-";"-";"-";"-";"-";"-";"3";"Canonico";"Indomita";"-";"-";"3";"-";"10";"-";"-";"5";"3";"31";"Regvl";"-";"-";"Solve";"-";"Frons";"-";"Poveri";"Della Pace";"-";"Nero";"3";"-";"1";"5";"1998";"-";"Wally";"Unica";"4";"17:59:49";"29"
"Ponte Girls 2";"Ludica";"Mille";"6";"-";"48";"-";"-";"Piacenza e Vigevano ";"Ossa";"2";"818";"2";"2";"3";"Grande ";"Giglio";"Pacifico";"1";"4";"4";"Mamma";"2";"1954";"3";"Canonico";"Indomita";"Valentino";"2";"3";"-";"10";"-";"-";"2";"3";"-";"REGVL";"5";"Verde";"Solve";"Ada";"Frons";"Dom";"Poveri";"Pacis";"-";"Nero";"2";"2";"1";"5";"1998";"-";"Wally";"-";"4";"17:52:37";"44"
"Isabella";"Ludica";"Mille";"6";"3";"18";"2";"Eparchia";"Piacenza e Vigevano";"Ossa";"2";"818";"2";"2";"3";"Grande";"Giglio";"Pacifico";"1";"4";"4";"Mamma";"2";"1954";"3";"Canonico";"Indomita";"Valentino";"2";"3";"10";"10";"MCML";"Sinistra";"2";"3";"31";"REGVL";"5";"Verde";"Solve";"Adda";"Frons";"Dom";"Poveri";"della Pace";"Livellazione";"Nero";"2";"2";"1";"5";"1998";"Domvs";"Wally";"Unica";"4";"17:55:06";"53"
"Gli Agazzi";"Ludica";"Mille";"3";"3";"18";"2";"Eparchia";"Piacenza e Vigevano ";"Le ossa";"2";"818";"2";"2";"-";"Grande";"Giglio";"-";"-";"4";"4";"La mamma ";"2";"1954";"3";"Canonico";"Indomita";"Valentino";"-";"-";"10";"10";"Mcml";"Sinistra";"2";"3";"31";"Regvl";"-";"Verde";"Solve";"-";"Frons";"-";"Poveri";"Pacis";"-";"Nero";"2";"2";"1";"5";"-";"-";"Wally";"Unica";"4";"17:36:28";"41"
"Intercontinentale";"Ludica";"-";"-";"-";"-";"-";"-";"-";"-";"-";"-";"-";"-";"-";"-";"-";"-";"-";"-";"-";"-";"-";"-";"-";"-";"-";"-";"-";"-";"-";"-";"-";"-";"-";"-";"-";"-";"-";"-";"-";"-";"-";"-";"-";"-";"-";"-";"-";"-";"-";"-";"-";"-";"-";"-";"-";"-";"0"
"Anolini Forever";"Ludica";"-";"-";"-";"-";"-";"-";"-";"-";"-";"-";"-";"-";"-";"-";"-";"-";"-";"-";"-";"-";"-";"-";"-";"-";"-";"-";"-";"-";"-";"-";"-";"-";"-";"-";"-";"-";"-";"-";"-";"-";"-";"-";"-";"-";"-";"-";"-";"-";"-";"-";"-";"-";"-";"-";"-";"-";"0"
"Eboli";"Ludica";"Miule";"6";"-";"18";"-";"-";"Di Piacenza e di Genova";"Le ossa";"-";"818";"4";"-";"-";"Il grande ";"Calice";"-";"-";"-";"-";"-";"-";"-";"3";"Virtù e gesta";"Indomita";"Valentino ";"-";"3";"-";"10";"SS.CARMELIVIRGINI";"A sinistra";"4";"3";"31";"Regvl";"-";"Verde";"Solve";"-";"Frons";"-";"Poveri";"Pacis";"-";"Grigio";"3";"2";"1";"5";"1998";"-";"WALLY";"Unica";"4";"17:23:34";"23"
"Test";"Ludica";"-";"-";"-";"-";"-";"-";"-";"-";"-";"-";"-";"-";"-";"-";"-";"-";"-";"-";"-";"-";"-";"-";"-";"-";"-";"-";"-";"-";"-";"-";"-";"-";"-";"-";"-";"-";"-";"-";"-";"-";"-";"-";"-";"-";"-";"-";"-";"-";"-";"-";"-";"-";"-";"-";"-";"-";"0"
"GPS SIGNAL LOAT";"Ludica";"MILLE";"6";"3";"17";"1";"Comunità ";"Piacenza e Vigevano";"Ossa";"2";"818";"2";"2";"3";"Grande";"Giglio";"Pacifico";"1";"4";"4";"Defunti";"2";"1954";"3";"Canonico";"Indomita";"Valentino";"2";"3";"7";"10";"MCML";"Sinistra";"2";"3";"31";"REGVL";"5";"Verde";"SOLVE";"Ada";"FRONS";"DOM";"Poveri";"Pacis";"Cartografia";"Nere";"2";"2";"1";"5";"1998";"AMICA";"Wally";"Mundi Maria";"4";"17:56:43";"46"
"Scuri";"Ludica";"MILLE";"6";"3";"18";"2";"EPARCHIA";"PIACENZA E VIGEVANO";"OSSA";"-";"-";"-";"-";"-";"-";"GIGLIO";"PACIFICO";"1";"4";"-";"-";"-";"1954";"3";"CANONICO";"INDOMITA";"-";"2";"-";"-";"10";"-";"-";"-";"3";"31";"REGVL";"5";"-";"-";"ADA";"FRONS";"DOM";"POVERI";"PACIS";"-";"-";"2";"-";"1";"-";"-";"-";"WALLY";"UNICA";"4";"17:53:31";"32"
"I fiutatori";"Ludica";"MILLE ";"6";"3";"18";"2";"Eparchia ";"Piacenza e Vigevano ";"Le ossa ";"2";"818";"2";"-";"-";"-";"-";"-";"-";"-";"-";"-";"-";"-";"-";"-";"Indomita fierezza ";"-";"-";"-";"-";"10";"-";"-";"-";"3";"31";"-";"-";"-";"-";"-";"Frons";"-";"-";"-";"-";"-";"2";"-";"1";"-";"-";"-";"Wally";"Unica ";"4";"17:58:58";"19"
"Scuri";"Ludica";"-";"-";"-";"-";"-";"-";"-";"-";"-";"-";"-";"-";"-";"-";"-";"-";"-";"-";"-";"-";"-";"-";"-";"-";"-";"-";"-";"-";"-";"-";"-";"-";"-";"-";"-";"-";"-";"-";"-";"-";"-";"-";"-";"-";"-";"-";"-";"-";"-";"-";"-";"-";"-";"-";"-";"-";"0"
"Ghittoni";"Ludica";"-";"-";"-";"-";"-";"-";"-";"-";"-";"-";"-";"-";"-";"-";"-";"-";"-";"-";"-";"-";"-";"-";"-";"-";"-";"-";"-";"-";"-";"-";"-";"-";"-";"-";"-";"-";"-";"-";"-";"-";"-";"-";"-";"-";"-";"-";"-";"-";"-";"-";"-";"-";"-";"-";"-";"-";"0"
"Georunners";"Ludica";"-";"-";"3";"18";"2";"Eparchia";"Piacenza e vigevano";"Le ossa del patrio annalista Cristoforo poggiali";"2";"818";"4";"-";"-";"-";"-";"-";"1";"2";"6";"-";"2";"1954";"3";"Canonico";"Indomina";"Valentino";"2";"-";"7";"10";"Mcml";"Sinistra";"-";"-";"31";"Gervl";"5";"Verde";"-";"-";"-";"-";"Poveri";"Della pace";"Migrazione";"-";"2";"2";"1";"-";"-";"-";"Wally";"Unica";"4";"17:01:16";"27"
"Giovani Wannabe";"Ludica";"-";"6";"-";"-";"-";"-";"piacenza e vigevano";"Ossa";"-";"818";"2";"2";"3";"Grande";"Giglio";"Pacifico";"1";"4";"4";"-";"2";"1954";"3";"Canonico";"Indomita";"-";"2";"3";"-";"10";"-";"-";"2";"3";"-";"Regvl";"5";"-";"Solve";"Ada";"Arons";"-";"Poveri";"Pacis";"-";"Nero";"-";"-";"1";"5";"1998";"-";"Wally";"-";"-";"17:18:27";"34"
"Freccios";"Ludica";"Mille";"6";"-";"-";"-";"-";"-";"-";"-";"-";"-";"2";"3";"Grande";"Giglio";"Pacifico";"1";"-";"-";"-";"-";"1954";"3";"-";"-";"-";"2";"3";"-";"-";"-";"-";"2";"3";"-";"Regvl";"-";"-";"Solve";"-";"-";"-";"-";"Pacis";"-";"-";"-";"-";"-";"5";"1998";"-";"-";"-";"-";"17:05:21";"19"
"Ghittoni";"Ludica";"Mille";"6";"3";"18";"2";"Eparchia";"Piacenza e Vigevano";"Ossa";"2";"818";"2";"-";"3";"Grande";"Giglio";"Pacifico";"1";"4";"4";"Mamma";"2";"1954";"3";"Canonico";"Indomita";"Valentino";"2";"3";"5";"10";"-";"Sinistro";"2";"3";"31";"Regvl";"5";"-";"Solve";"-";"Frons";"-";"Poveri";"-";"Livellazione";"Nero";"2";"2";"1";"5";"1998";"-";"Wally";"Unica";"4";"17:59:54";"46"
"gruppassone";"Ludica";"MILLE";"6";"3";"18";"2";"Eparchia";"Piacenza e Vigevano";"Ossa";"2";"818";"2";"2";"3";"Grande";"GIGLIO";"Pacifico";"1";"4";"4";"Mamma";"2";"1954";"3";"Canonico";"Indomita";"Valentino";"2";"3";"10";"10";"MCML";"Sinistra";"2";"3";"31";"Regvl";"5";"Verde";"Solve";"ADA";"Frons";"DOM";"Poveri";"Della pace";"LIVELLAZIONE";"Nero";"2";"2";"1";"5";"1998";"DOMVS";"WALLY";"Unica";"4";"17:55:22";"54"
"I Lego di Danor";"Ludica";"-";"6";"-";"18";"-";"Eparchia";"Piacenza e vigevano";"Ossa";"2";"818";"2";"2";"-";"Grande";"Giglio";"-";"-";"-";"-";"-";"-";"-";"3";"Canonico";"Indomita";"Valentino";"-";"3";"7";"10";"Mcml";"Sinistra";"2";"3";"31";"Regvl";"-";"Verde";"Solve";"-";"Frons";"-";"Poveri";"Pacis";"-";"Nero";"2";"2";"1";"5";"1998";"-";"Wally";"Unica";"4";"17:56:42";"37"
"Ponte girls 2";"Ludica";"-";"-";"-";"-";"-";"-";"-";"-";"-";"-";"-";"-";"-";"-";"-";"-";"-";"-";"-";"-";"-";"-";"-";"-";"-";"-";"-";"-";"-";"-";"-";"-";"-";"-";"-";"-";"-";"-";"-";"-";"-";"-";"-";"-";"-";"-";"-";"-";"-";"-";"-";"-";"-";"-";"-";"-";"0"
"Lellichelli";"Ludica";"Mille";"Sei";"-";"-";"-";"-";"Piacenza e vigevano";"Le ossa";"Due";"818";"Due";"Due";"Tre";"Grande";"Giglio";"Pacifico";"Uno";"Quattro";"Quattro";"La mamma";"Due";"1954";"Tre";"Canonico";"Indomita";"-";"Due";"Tre";"-";"Dieci";"-";"-";"Due";"Tre";"-";"Regul";"Cinque";"-";"Solve";"Ada";"Frons";"Dom";"Poveri";"Della pace";"Livellazione";"Nero";"-";"-";"Una";"Cinque";"1998";"Domus";"Iseo";"-";"-";"17:50:59";"17"
"Bobo e Paola";"Ludica";"Fuert";"2";"5";"15";"3";"Pax";"Do piacenza ";"Mani";"3";"818";"5";"3";"3";"Il grande";"Giglio ";"Pacifico";"1";"4";"1";"Mater";"4";"1954";"3";"-";"Indomita ";"-";"-";"2";"3";"4";"-";"-";"2";"3";"-";"Regvl";"-";"-";"Solve";"Ada";"Frons ";"-";"-";"Della pace";"-";" Nero";"-";"-";"-";"5";"-";"-";"-";"-";"2";"17:24:14";"17"
"I nani";"Ludica";"-";"-";"-";"-";"-";"-";"-";"-";"-";"-";"-";"-";"-";"-";"-";"-";"-";"-";"-";"-";"-";"-";"-";"-";"-";"-";"-";"-";"-";"-";"-";"-";"-";"-";"-";"-";"-";"-";"-";"-";"-";"-";"-";"-";"-";"-";"-";"-";"-";"-";"-";"-";"-";"-";"-";"-";"0"
"I Susini";"Ludica";"Mille";"6";"4";"8";"2";"Eparchia";"Piacenza e Vigevano";"Ossa";"2";"818";"2";"2";"3";"Grande";"Giglio con corona";"Pacifico";"1";"4";"4";"Mamma";"2";"1954";"3";"Canonico";"Indomita";"Valentino";"2";"3";"7";"10";"Mcml";"Alla nostra sinistra";"2";"3";"31";"Regvl";"5";"Verde";"Solve";"Ada";"Frons";"Dom";"Poveri";"Pacis";"Livellazione";"Nero";"2";"2";"1";"5";"1998";"Domvs";"Wally";"Unica";"4";"17:57:19";"50"
"Oche in fuga";"Ludica";"Mille";"6";"3";"18";"Due";"Eparchia";"Piacenza e Vigevano";"Ossa";"2";"818";"4";"2";"3";"Grande";"Giglio";"Pacifico";"1";"4";"4";"Mamma";"2";"1954";"3";"Canonico";"Indomita";"Valentino";"2";"3";"7";"10";"MCML";"Sinistra";"2";"3";"31";"Regvl";"5";"Verde";"Solve";"Ada";"Frons";"Dom";"Poveri";"Pacis";"Livellazione";"Nero";"2";"2";"1";"5";"1998";"Domus";"Wally";"Unica";"4";"17:35:41";"51"
"Anolini Forever";"Ludica";"Mille";"6";"3";"18";"2";"Eparchia ";"Piacenza e Vigevano ";"Ossa";"2";"818";"2";"2";"3";"IL GRANDE";"Giglio";"Pacifico";"1";"4";"4";"Mamma ";"2";"1954";"3";"Canonico ";"Indomita";"Valentino";"2";"3";"10";"10";"MCML";"Sinistra ";"2";"3";"31";"REGUL";"5";"Verde ";"SOLVE";"Ada";"Frons";"Dom ";"Poveri";"Pacis";"Livellazione";"Nero";"2";"2";"1";"5";"1998";"DOMVS";"Wally";"Unica";"4";"18:03:39";"53"
"Bastone";"Ludica";"MILLE";"6";"-";"-";"-";"-";"-";"-";"-";"-";"-";"2";"-";"Il grande";"Giglio";"Pacifico";"1";"4";"4";"La mamma";"2";"1954";"3";"Canonico";"INDOMITA";"VALENTINO";"2";"3";"9";"10";"MCML";"SINISTRA";"2";"3";"-";"REGVL";"5";"VERDE";"Solve";"Ada";"FRONS";"Dom";"Poveri";"Pacis";"Livellazione";"NERO";"-";"2";"-";"5";"-";"-";"-";"-";"-";"18:07:55";"34"
"Le forchette vintage";"Ludica";"Mille";"2";"-";"-";"-";"-";"Piacenza e Vigevano ";"Ossa";"2";"818";"3";"2";"3";"Grande ";"Giglio";"-";"-";"-";"-";"-";"-";"-";"-";"-";"Indomita";"-";"-";"-";"-";"10";"-";"-";"2";"3";"-";"-";"-";"-";"SOLVE";"-";"FRONS";"DOM";"-";"-";"-";"-";"-";"-";"1";"-";"1940";"-";"-";"-";"-";"17:53:00";"17"
"Regine del kanzlato";"Ludica";"-";"-";"-";"-";"-";"-";"-";"-";"-";"-";"-";"-";"-";"-";"-";"-";"-";"-";"-";"-";"-";"-";"-";"-";"-";"-";"-";"-";"-";"-";"-";"-";"-";"-";"-";"-";"-";"-";"-";"-";"-";"-";"-";"-";"-";"-";"-";"-";"-";"-";"-";"-";"-";"-";"-";"-";"0"
"Burattis";"Ludica";"-";"6";"-";"-";"-";"-";"Piacenza e vigevano";"Ossa";"2";"818";"2";"2";"-";"Grande";"Giglio";"Pacifico";"-";"-";"-";"-";"-";"-";"-";"-";"Indomita";"-";"-";"3";"-";"10";"-";"-";"2";"3";"-";"-";"-";"-";"Solve";"-";"Frons";"-";"-";"-";"-";"Nero";"-";"-";"1";"5";"1998";"-";"WALLY";"-";"-";"16:57:49";"22"
"Amici del Mirra";"Ludica";"Mille";"6";"3";"79";"1";"-";"Piacenza e Vigevano ";"Ossa";"2";"818";"5";"-";"-";"-";"Giglio";"Pacifico";"-";"-";"-";"-";"-";"-";"-";"-";"Indomita";"-";"-";"-";"-";"10";"-";"-";"-";"3";"-";"-";"-";"-";"-";"-";"Frons ";"Dom";"-";"-";"Livellazione";"-";"-";"-";"1";"-";"-";"-";"Wally";"-";"-";"17:56:00";"17"
"I promessi sposi";"Ludica";"Mille";"6";"3";"18";"2";"Eparchia ";"-";"Le ossa";"2";"818";"4";"2";"-";"Grande ";"Giglio";"Pacifico";"1";"4";"-";"-";"-";"1954";"3";"Canonico ";"Indomita";"-";"2";"3";"-";"10";"-";"-";"2";"9";"31";"Regvl ";"-";"-";"Solve ";"Ada";"Arons";"Dom ";"Poveri";"-";"Livellazione ";"Nero";"2";"-";"1";"5";"1998";"-";"Wally";"Unica";"4";"18:02:01";"37"
"I Bertuzzi";"Ludica";"Mille";"6";"-";"-";"-";"-";"Piacenza e Vigevano ";"Ossa";"2";"818";"2";"2";"3";"Grande";"Giglio";"Pacifico";"1";"4";"4";"Mamma";"2";"1954";"3";"Canonico";"Indomita";"-";"2";"3";"-";"10";"-";"-";"2";"3";"-";"Regvl";"5";"-";"Solve";"Ada";"Frons";"Dom";"Poveri";"Pacis";"Livellazione";"Nero";"3";"-";"1";"5";"-";"-";"Wally";"-";"-";"18:01:12";"39"
"Brosky";"Ludica";"Miele";"6";"3";"18";"2";"Eparchia ";"Piacenza e vigevano";"Ossa ";"-";"818";"4";"2";"-";"Grande ";"Giglio ";"Pacifico";"1";"2";"4";"Mamma";"2";"1954";"3";"-";"Indomita ";"-";"2";"-";"-";"10";"-";"-";"2";"3";"31";"-";"5";"-";"Solve";"Ada";"Frons";"Dom";"-";"Pacis";"-";"-";"2";"-";"1";"2";"1998";"-";"Wally";"Unica";"4";"18:01:51";"36"
"I bigiunti";"Ludica";"Mille";"6";"-";"-";"-";"-";"Piacenza e Vigevano ";"Ossa";"-";"818";"2";"2";"3";"Grande";"Giglio";"Pacifico";"1";"4";"4";"-";"2";"1954";"3";"Canonico";"Indomita";"-";"2";"3";"8";"10";"-";"-";"2";"3";"-";"Regvl";"5";"-";"Solve";"Ada";"Frons";"Dom";"Poveri ";"Pacis";"Livellazione";"Nero";"-";"-";"1";"5";"1998";"Domvs";"-";"-";"-";"17:15:37";"38"
"Walterthedrummer";"Ludica";"Mille";"6";"-";"-";"-";"-";"-";"-";"-";"-";"-";"2";"-";"Grande";"Giglio";"Pacifico ";"1";"4";"4";"La mamma";"2";"1954";"3";"Canonico";"Indomita ";"Valentino";"2";"3";"9";"10";"Mcml";"Sinistra";"2";"3";"-";"Regvl";"5";"Verde";"Solve";"Ada";"Frons";"Dom";"Poveri";"Pacis";"-";"Nero";"-";"2";"-";"5";"1998";"-";"-";"-";"-";"18:01:53";"35"
"Gruppo TNT";"Ludica";"Mille";"6";"-";"-";"-";"-";"Piacenza e vigevano";"Ossa";"2";"818";"2";"Due";"3";"Il grande";"Giglio";"PACIFICO";"1";"4";"4";" mamma";"2";"1954";"3";"CANONICO";"Indomita";"-";"2";"3";"-";"10";"-";"-";"2";"3";"-";"Regvl";"5";"-";"Solve";"Ada";"Frons";"DOM";"Poveri";"Della Pace";"Livellazione";"Nere";"-";"-";"1";"5";"1998";"Domus";"Iseo";"-";"-";"17:51:25";"35"
"Scuri";"Ludica";"-";"-";"-";"-";"-";"-";"-";"-";"-";"-";"-";"-";"-";"-";"-";"-";"-";"-";"-";"-";"-";"-";"-";"-";"-";"-";"-";"-";"-";"-";"-";"-";"-";"-";"-";"-";"-";"-";"-";"-";"-";"-";"-";"-";"-";"-";"-";"-";"-";"-";"-";"-";"-";"-";"-";"-";"0"
"Disorientate";"Ludica";"Bonus";"7";"3";"18";"2";"Eparchia";"Piacenza e vigevano";"Ossa";"2";"818";"3";"-";"-";"Grande";"Giglio";"-";"-";"-";"-";"-";"-";"-";"3";"Canonico";"Indomita";"-";"-";"3";"-";"10";"-";"-";"2";"3";"31";"Regvl";"-";"-";"Solve";"-";"Frons";"Dom";"Poveri";"Pace";"-";"Nero";"2";"-";"1";"6";"1998";"-";"Wally";"Unica";"4";"17:47:15";"30"
"Le Zaffi";"Ludica";"MILLE";"3";"3";"18";"2";"Eparchia";"Piacenza e Vigevano";"Ossa";"2";"818";"2";"2";"-";"GRANDE";"GIGLIO";"-";"-";"4";"4";"MAMMA";"2";"1954";"3";"CANONICO";"Indomita";"Valentino";"-";"-";"10";"10";"MCML";"Sinistra";"2";"3";"31";"REGVL";"-";"Verde";"SOLVE";"-";"FRONS";"-";"POVERI";"PACIS";"-";"NERO";"2";"2";"1";"5";"-";"-";"Wally";"Unica";"4";"17:36:21";"43"
"Le Parmigiane curiose";"Ludica";"-";"6";"3";"18";"2";"EPARCHIA";"PIACENZA E VIGEVANO";"OSSA";"2";"-";"-";"-";"-";"-";"-";"-";"-";"-";"-";"-";"-";"-";"-";"PATRONO";"INDOMITA";"VALENTINO ";"-";"-";"9";"10";"MCML";"SINISTRA";"-";"-";"31";"REGVL";"-";"VERDE";"-";"-";"FRONS";"-";"POVERI";"PACIS";"-";"-";"2";"2";"1";"-";"-";"-";"WALLY";"UNICA";"4";"18:06:46";"25"
"Intercontinentale";"Ludica";"MILLE";"6";"3";"18";"2";"eparchia";"piacenza e vigevano";"Ossa";"2";"818";"2";"2";"3";"GRANDE";"GIGLIO";"PACIFICO";"1";"4";"4";"MAMMA";"2";"1954";"3";"CANONICO";"indomita";"valentino";"2";"3";"10";"10";"MCML";"SINISTRA";"1";"3";"31";"REGVL";"5";"VERDE";"SOLVE";"ADA";"FRONS";"DOM";"de poveri";"PACIS";"LIVELLAZIONE";"NERO";"2";"2";"1";"5";"1998";"DOMVS";"wally";"unica";"4";"17:50:55";"53"
"Saftastiche Reloaded";"Ludica";"Mille ";"6";"Tre secoli";"18";"2";"Eparchia";"Piacenza e Vigevano ";"Ossa";"2";"818";"2";"2";"3";"Grande";"Corona";"Pacifico";"1";"4";"4";"Mamma ";"2";"1954";"3";"Canonico";"Indomita";"Valentino";"2";"3";"8";"10";"MCML";"Sinistra ";"2";"3";"30";"Regul";"5";"Verde";"Solve";"Ada";"Frons";"Dom";"Poveri";"Pacis";"Livellazione";"Nero";"2";"2";"1";"5";"1998";"DOMUS";"Wally";"Unica";"4";"17:41:38";"49"
"Squinternati";"Ludica";"Mille";"6";"-";"-";"-";"-";"Piacenza e Vigevano ";"Ossa";"2";"-";"-";"2";"3";"Grande";"Giglio";"Pacifico ";"1";"4";"4";"Mamma";"2";"1954";"3";"-";"Indomita";"-";"2";"3";"8";"10";"-";"-";"2";"3";"-";"Regvl";"5";"-";"Solve";"Ada";"Frons";"Dom";"Poveri";"Pacis";"Livellazione";"Nero";"-";"-";"1";"5";"1998";"Domvs";"-";"-";"-";"17:14:54";"37"
"Pizza Kebab";"Ludica";"MILLE";"6";"3";"18";"2";"Eparchia";"Vigevano";"Ossa";"2";"818";"3";"2";"3";"GRANDE";"GIGLIO";"PACIFICO";"1";"4";"4";"LA MAMMA";"2";"1954";"3";"CANONICO";"Indomita";"-";"2";"3";"-";"10";"-";"-";"2";"3";"31";"REGVL";"5";"-";"Solve";"ADA";"Renov";"DOM";"POVERI";"PACIS";"Livellazione";"Nero";"2";"-";"1";"5";"1998";"DOMVS";"Wally";"Unica";"4";"17:57:36";"45"
"Puglia";"Ludica";"-";"6";"-";"-";"-";"-";"Piacenza e vigevano";"Ossa";"2";"818";"3";"-";"-";"-";"-";"-";"-";"-";"-";"-";"-";"-";"-";"-";"Indomita";"-";"-";"3";"-";"10";"-";"-";"-";"3";"-";"-";"-";"-";"-";"-";"Frons";"-";"-";"-";"-";"Nero";"-";"-";"-";"-";"1998";"-";"-";"-";"-";"16:51:22";"12"
"A.C. PICCHIA";"Ludica";"-";"-";"-";"-";"-";"-";"-";"-";"-";"-";"-";"-";"-";"-";"-";"-";"-";"-";"-";"-";"-";"-";"-";"-";"-";"-";"-";"-";"-";"-";"-";"-";"-";"-";"-";"-";"-";"-";"-";"-";"-";"-";"-";"-";"-";"-";"-";"-";"-";"-";"-";"-";"-";"-";"-";"-";"0"
"Ciurma di cappello di paglia";"Ludica";"mille";"-";"-";"-";"-";"-";"-";"-";"-";"818";"2";"2";"3";"Grande";"Giglio";"Pacifico";"1";"-";"-";"-";"-";"-";"-";"-";"-";"-";"-";"3";"-";"-";"-";"-";"2";"-";"-";"-";"-";"-";"Solve";"ada";"-";"-";"-";"-";"livellazione";"Azzurro";"-";"-";"-";"5";"-";"Domvs";"-";"-";"-";"17:40:07";"16"
"I Nani";"Ludica";"Mille";"6";"3";"79";"1";"-";"Piacenza e Vigevano";"Le sue ossa ";"-";"818";"3";"-";"-";"-";"Giglio";"Pacifico";"-";"4";"-";"I cari";"-";"1954";"3";"Canonico";"Indomita";"-";"2";"-";"3";"10";"-";"-";"-";"3";"31";"Recvl";"5";"-";"-";"Ada";"Frons";"DOM";"Poveri";"Pacis ";"-";"-";"2";"2";"1";"-";"-";"-";"Wally ";"-";"4";"17:53:57";"27"
"Mars1";"Ludica";"Mille";"6";"-";"-";"-";"-";"-";"-";"-";"-";"-";"2";"-";"Grande";"Giglio";"Pacifico";"1";"4";"4";"Mamma";"2";"1954";"3";"Canonico";"Indomita";"Valentino";"2";"3";"9";"10";"Mcml";"Sinistra";"2";"3";"-";"Regvl";"5";"Verde";"Solve";"Ada";"Frons";"Dom";"Poveri";"Pacis";"Livellazione";"Nero";"-";"2";"-";"5";"1998";"-";"-";"-";"-";"18:01:24";"37"
"Shere Khan";"Ludica";"1000";"6";"3";"79";"1";"-";"Piacenza e Vigevano";"Ossa";"2";"818";"5";"-";"-";"-";"Giglio";"-";"-";"-";"-";"-";"-";"-";"-";"-";"Indomita";"-";"-";"-";"-";"10";"-";"-";"-";"3";"-";"-";"-";"-";"-";"-";"FRONS";"Dom";"-";"-";"-";"-";"-";"-";"1";"-";"-";"-";"Wally";"-";"-";"17:20:35";"14"
"I divini";"Ludica";"Mille";"6";"3";"18";"2";"Eparchia";"Piacenza e vigevano";"Le ossa ";"2";"818";"2";"2";"3";"Grande";"Giglio";"-";"1";"4";"4";"Mamma";"1";"-";"3";"Canonico";"Indomita";"Valentino";"-";"3";"7";"10";"MCML";"Sinistra";"2";"3";"31";"Regvl";"5";"Verde";"Solve";"-";"Frons";"DOM";"Poveri";"Pacis";"-";"Nero";"2";"2";"1";"5";"1998";"DOMVS";"WALLY";"Unica";"4";"18:04:24";"47"
"FRECCIOS";"Ludica";"-";"-";"-";"-";"-";"-";"-";"-";"-";"-";"-";"-";"-";"-";"-";"-";"-";"-";"-";"-";"-";"-";"-";"-";"-";"-";"-";"-";"-";"-";"-";"-";"-";"-";"-";"-";"-";"-";"-";"-";"-";"-";"-";"-";"-";"-";"-";"-";"-";"-";"-";"-";"-";"-";"-";"-";"0"
"Spie di Vigolzone";"Ludica";"Mille ";"3";"3";"18";"2";"Eparchia";"Piacenza e Vigevano ";"Le Ossa";"2";"818";"2";"2";"-";"Grande ";"Giglio ";"-";"-";"4";"4";"Mamma ";"2";"1954";"3";"Canonico ";"Indomita ";"Valentino ";"-";"-";"10";"10";"MCML";"Sinistra ";"2";"3";"31";"Regvl";"-";"Verde";"Solve";"-";"Frons";"-";"Poveri ";"Pacis";"-";"Nero ";"2";"2";"1";"5";"-";"-";"Wally";"Unica";"4";"17:36:29";"42"
"L’A SQUADRA";"Ludica";"MILLE";"-";"3";"18";"2";"EPARCHIA";"PIACENZA E VIGEVANO";"Ossa";"2";"-";"-";"2";"-";"GRANDE";"CORONA/GIGLIO/STELLE";"-";"-";"4";"4";"MAMMA";"2";"1954";"3";"CANONICO";"INDOMITA";"VALENTINO";"2";"-";"4";"10";"MCML";"Sinistra";"2";"-";"10";"REGVL";"5";"Green";"SOLVE";"-";"-";"DOM";"POVERI";"DELLA PACE";"-";"-";"2";"2";"1";"5";"-";"-";"WALLY";"UNICA";"4";"18:06:22";"36"
"Attila";"Ludica";"-";"-";"3";"8";"2";"EPARCHIA";"PIACENZA E VIGEVANO";"Ossa";"0";"-";"2";"-";"-";"-";"-";"PACIFICO";"-";"4";"4";"MAMMA";"2";"-";"3";"CANONICO";"INDOMITA";"VALENTINO";"2";"-";"10";"10";"MCML";"SINISTRA";"-";"-";"31";"REGVL";"-";"VERDE";"-";"-";"-";"-";"POVERI";"PACIS";"-";"-";"2";"2";"1";"-";"-";"-";"ISEO";"UNICA";"4";"18:07:53";"30"
"BIBEROSS";"Ludica";"Mille";"6";"-";"-";"-";"-";"Piacenza e Vigevano ";"Ossa";"2";"818";"2";"2";"3";"Il grande";"Giglio";"PACIFICO";"1";"4";"4";"La mamma";"2";"1954";"3";"Canonico";"Indomita";"-";"2";"3";"-";"10";"-";"-";"2";"3";"-";"Regul";"5";"-";"Solve";"Ada";"Frons";"Dom";"Poveri";"Della pace";"Livellazione ";"Nero";"-";"-";"1";"5";"1998";"Domus";"Iseo";"-";"-";"17:51:16";"35"
